Wall time,Step,Value
1717585753.3447483,4162,9.6850004196167
1717586368.836672,8325,8.503000259399414
1717586985.0799084,12488,7.415999889373779
1717587616.9696405,16651,7.0289998054504395
1717588266.631081,20814,6.822999954223633
