Wall time,Step,Value
1717589970.5437489,3008,8.14799976348877
1717590457.0969687,6013,8.013999938964844
1717590940.8309927,9023,7.900000095367432
1717591410.9154904,12034,7.78000020980835
1717591881.378804,15044,7.798999786376953
